Team,Team_Name
135,Fusion
358,The Gaulbots
542,WHS Robotics
2885,Kronos
3493,VHS Robotics Club
3513,Domo Arigato
3526,M-BOTs
3600,ElectroJackets
3650,Torrey Techies
3712,Purple F.E.A.R. (Fierce Eagle Advanced Robotics)
3848,Shockwave
4112,Warriors
4119,Brain Nuggets
4153,RED
4216,Rise of Hephaestus
4262,Firebirds
4278,De.Evolution
4373,Firebots
4512,West Torrance Robotics
4625,Kings and Queens
4628,Suit Bots
4947,Cougarobotics
5015,Buffalo Wings
5131,Pointers
5135,Team Uncopyrightable
4373,Firebots
4512,West Torrance Robotics
4625,Kings and Queens
4628,Suit Bots
4947,Cougarobotics
5015,Buffalo Wings
5131,Pointers
5135,Team Uncopyrightable
5136,Crusader Creators
5186,PantherBots Alpha
5279,Positrons
5285,Robo Knights
5390,Vikings
5420,LAAE
5498,Unibots
5540,Skynet
5555,Option 16
5755,Nano Slugs
5822,Bacon Bots
5826,The Metal Ducks
5827,Slice-o-Pi
5828,E.M.P. Chaos
5995,Scot Bots
6003,Techno Eagles
6006,Tru Blu 2
6300,Cube Squared
6325,Aluminati
6350,Robo ReVOLT
6370,Scouting Legion
6371,Gear Gurus
6372,Phylum Metallia
6373,Parobots
6374,Gizmologic
6398,Cyber Rajahs
6399,Bacon Bytes
6436,RoboCats
6500,AutomaDons
6565,Stuffed Dragons
6570,Piradians
6668,PantherBot Omega
6685,Downtown Magnets High SChool 
6686,Jordan High School
6693,Brainstorm
5197,GearHeads
4405,Az-Tech Robotics
6940,Apollo19
7033,Tech Attack
7159,Robo Ravens
7114,Robotics Anonymous
7051,Circuit Breakers
359,The Gaulbots2
7460,Thunder
7555,RoboZilla
7528,Ipoly FIRST Robotics team aka Broncos
7530,TBD
7542,OLP MicroChicks
7553,Thavma
7848,Some Guys
7609,Lions
7645,BHS Robotics
7660,Mad Scientist Club
7681,Robo Saints
7686,IDEA
7696,RSF Eagles
7767,Upper Echelon
7741,Robo-Panthers
7831,Wreck It!
7832,Alumbot Asylum
7824,Eaglebots
7833,Built4Cause
7834,CMI Impact
7835,Chocolate Thunder
7859,Pointless Jellyfish
7963,Murrieta Springs Robotics Academy
7992,Lightning Robotics
7528,Ipoly FIRST Robotics team aka Broncos
7530,TBD
7542,OLP MicroChicks
7553,Thavma
7848,Some Guys
7609,Lions
7645,BHS Robotics
7660,Mad Scientist Club
7681,Robo Saints
7686,IDEA
7696,RSF Eagles
7767,Upper Echelon
7741,Robo-Panthers
7831,Wreck It!
7832,Alumbot Asylum
7824,Eaglebots
7833,Built4Cause
7834,CMI Impact
7835,Chocolate Thunder
7859,Pointless Jellyfish
7963,Murrieta Springs Robotics Academy
7992,Lightning Robotics
7971,Undecided
8000,Team Paradox3
8057,Rebelbots
3526,M-BOTs
3600,ElectroJackets
3650,Torrey Techies
3712,Purple F.E.A.R. (Fierce Eagle Advanced Robotics)
3848,Shockwave
4112,Warriors
4119,Brain Nuggets
1,Team Unlimited 
1,Team Unlimited
7,Voltage Vipers
18,Techno Chix
22,100 Scholars
22,100 Black Men of Atlanta
25,Rock N Roll Robots
25,Rock N Roll Robots
25,Rock'N'Roll Robots
33,Gar-Field
33,Enigma
36,Wyverns
36,Wyverns
37,Python
37,Rising Tide
38,PAKBOTS
38,PAKBOTS
39,The Gingerbread Men
39,The Gingerbread Men
40,Team HAX
40,HAX
54,Gr3yMatt3r
54,Gr3y Matt3r
55,Miners
55,Miners
61,ozone
61,Ozone
71,Teton Gravity Robotics I
71,TGR II
72,Garagebots
87,Yellow Jackets
88,Metalicats
92,Jr. Bomb Squad
93,Blue Cheese Jr
93,Blue Cheese Jr.
110,MFS Foxes
110,MFS Foxes
111,MiniStang
112,RoboKnights of the Round Table
116,Crazy Eights
116,Crazy Eights
118,Steel Hornets
118,Steel Hornets
119,PANTHERS
121,International Harvester
128,Robot Unicorn
128,Robot Unicorn
130,Spirits
132,Electric Narwhals
132,Electric Narwhals
133,Arrows
135,Fusion
137,Frankilin Academy Robotics Team
140,Ducks
141,Gear Grinders
147,Montclair Momentum
149,Robo- Hawk
153,The Blue Buccaneers Team 153
154,Renegade
178,SD30 Robotics
187,Kitty Of Doom
194,I LITE Up Your World
194,I Lite Up The World
201,ROBO BRONCOS
204,Bruin Tech
207,Critical Mass
208,KC Revolutionists
230,Ampere
230,Ampere
237,MFS Hawks
237,MFS Hawks
247,The Game 
247,The Game
248,Fatal Error
249,Razor Robotics
250,Ninja Pirates
251,Mech-a-lodons
251,Mech-alodons
252,Warrior
257,Cougar Bots
257,Cougarbots
265,Viking Robotics
267,2-60-Awesome
267,Type 40
273,Tigers
288,Spare Parts
288,Spare Parts
289,Robohawks
290,Robohawks
291,Robohawks
309,K-Bot
310,Stuy Fission
311,Fembots
311,Fembots
319,FrostBYTE
319,Frostbyte
322,SCITECH
327,The Mu Crew
329,Chicago Squires
329,Chicago Squires
339,Forge Robotics
342,The Daleks
348,Lightning Robotics
348,Lightning Robotics
354,ILITE
354,ILITE #666699
358,Gaulots
358,The Gaulbots
358,GaulBots
364,Warrior Geeks
364,Warrior Geeks
365,MOE
367,Solon Team #1
367,Stale Marshmallows
389,Robobees FTC1
390,Robobees FTC2
391,Mighty Irish
392,DREAM TEAM
395,Archmere Robauktics
403,Charter Force
404,Charter Impulse
405,Charter Blue Crew
406,Honey Badgers
407,Top Gear
408,Artifices Axiciarum
409,Dynasty
409,Dynasty
413,Murphy Reborn
417,Swerve Alpha Robotics 
417,Swerve Alpha
435,ThunderBots
436,Black & Blue Crew
447,2 Much Sense
450,Children of the swamp
450,The Children of the Swamp
450,Children of the Swamp
452,PHI Alpha
452,Phi
455,Pew Pew Lazer Beams
455,Pew Pew Laser Beams
455,Pew Pew Laser Beams
458,Activate Go Initiative!
458,Activate Go! Initiative
479,Stuy Fusion
482,Devilbots
499,NanoFusion
499,NanoFusion
505,Knights 
505,Knights
506,Pandara
506,Pandara
516,Gears of Fire
516,Gears of  Fire
516,Gears Of Fire
519,Epsilon Delta 2
521,BSS Thunder
524,Boss Bots
531,Quite Fancy
531,Quite Fancy
532,Maximum Chaos
532,Maximum Chaos
534,StarBots
535,TOBOR
535,Tobor
542,WHS Robotics
548,Geek Squad
560,STAR
560,*STAR* LGM
560,STAR
577,Wreckers
577,Wrecker Robotics
583,Cavaliers
596,Transformerz
607,DragoBots
608,Phoenix
619,Mecha Makos
619,Mecha Makos
633,Supernormal Incremental Precipitation Inducers 
647,Robotigers Delta 
647,Robotigers Delta
651,Sabers
652,Shoeshine
654,RoboMiesters
657,RhodeBOT
658,Robo Rookies
669,Milpitas Xtreme Robotics
673,Gaffney Endians
676,Pink RoboDragons
676,Blue Robo Dragons
676,Pink RoboDragons
676,Blue RoboDragons
679,RoboRaiders
689,A-Vengers
692,Gutterball
701,Homer
710,Tool Bots
710,Tool Bots
712,RoboWorks
719,The Iron Wolverines
724,Robo Revolution
724,Robo Revolution
741,Raider Robots
747,Static Shiok
750,Gears in Motion
750,Gears in Motion
753,EnTech  Greenvillains
755,Greenwave
756,TEST Team
756,TEST Team
757,Suburban Legends
757,Suburban Legends
760,Metal Menace
771,Robo Raiders
772,Ya and the Boys
779,Wildcats
779,Wildcats
785,The Pathfinders 
796,Wolves
796,Harley Wolves
839,Mighty Mechanics
839,Mighty Mechanics 
965,Redstone Rangers
965,Redstone Rangers
975,Synergy
1001,Hacksaw
1001,Hacksaw
1002,Circuit Runners
1002,Wheeler CircuitRunners
1002,CircuitRunners
1033,Team Clutch
1033,Team CLUTCH
1102,M'Aiken Tech Magic
1369,Minotaur
1369,Minotaur
1379,Gear Devils
1870,Lightning Arx
1885,I Lift
2408,Shrapnel Sergeants
2425,Hydra
2753,Team Overdrive
2753,Team Overdrive
2803,Raptor Robotics
2813,Teen Girl Squad
2818,The Original G-Force
2818,G-Force
2818,The Orignal G-FORCE
2821,Prototype Posse
2821,Prototype Posse
2825,NB Raiders
2825,SWAG
2827,Artificial Stupidity
2833,Midwest 5
2836,Modest Perfection
2843,Under the Son
2844,Valley X
2845,Team Duct Tape
2845,Team Duct Tape
2850,ROTC
2858,Sparbots
2858,Sparbots
2859,Team Tiki
2859,Team Tiki
2866,Green Army Robotics - Covert Division
2867,Green Army Robotics - Armored Division
2868,Smoke and Mirrors
2873,ROBOBUFFS
2875,MightyBot
2875,MITiBot
2875,MITiBot 
2879,Thunderbots
2879,Thunderbots
2885,Kronos
2887,Bucket Brigade
2888,The Oddly Charged Particles
2888,Oddly Charged Particles
2891,WarriorBorgs
2891,WarriorBorgs
2897,Robo Ninja
2923,RoboWarriors
2929,Brit Bot
2929,Brit Bot
2939,Zenith
2940,Wave Riders
2944,T-REX
2962,Robo Warriors
2963,Kiltic Thunder
2973,Zotbotz
2981,Red RoboDragons
2981,Red RoboDragons
2981,Red Robo Dragons
2993,Bronze RoboDragons
2993,Bronze RoboDragons
2993,Bronze Robo Dragons
2997,Beauty Bots and The Beasts
3006,Terrabots
3007,Robotic Rams
3010,The Warp Drivers
3011,The Dominion
3013,The Nerd Herd
3013,Nerd Herd
3013,Nerd  Herd
3029,Clockwork
3029,ClockWorks
3029,Clockwork
3032,Swaga
3035,Royal Robotics
3045,Built And Dangerious (B.A.D.)
3045,Built and Dangerous
3045,BAD
3045,Built and Dangerous (B.A.D)
3050,G-BOTS
3050,G-Bots
3053,Knights Robotics
3055,Unbalanced Wheat
3057,Girls Like Bots 
3057,Girls Like Bots
3058,Jury Riggers
3070,Century Cyborgs
3073,Heavy D
3073,Massive D
3075,Firebirds
3077,Zinc Iridium
3081,Trial & Error
3083,Dro-Code 101
3085,Higgs Bot 
3085,Higgs Bots
3093,Jellyfishes
3093,Jellyfishes
3095,The Blue Buccaneers Team 3095
3101,Boom Bots
3101,Boom Bots
3101,BoomBots
3111,Robo-Warriors
3113,Some Disassembly Required
3113,Craftsmen
3113,Some Disassembly Required
3115,RADSkullz
3115,RADSkullz
3116,RoboWarriors
3123,Spontaneous Combustion
3123,Spontaneous Combustion
3127,Girlz
3129,East Robots 1
3141,Bears
3147,Falcons
3152,RoboOwl1
3157,Williston Wildcat Robotics 
3162,Gearheads
3188,Squiggle Splat Bang
3188,Squiggle Plat Bang
3207,Caution
3208,Diamonds in the Rough
3216,Robophins
3216,Robophins
3222,Robocats
3231,Syzygy
3237,N^3
3237,N^3
3253,Carroll Metal Lions
3260,Meg Bot
3261,Dreadnaught
3273,Absolute Zero
3273,Absolute Zero
3283,SciBots
3296,The ThunderBirds
3334,Time Machine
3346,The Robo Chiefs
3346,The Robo Chiefs 
3351,Tater Bots
3360,Team Caffeine
3371,Botley Crue
3385,Suspicious Package
3387,ICE
3397,Cyborg Gentlemen Crabs
3398,Darth Panthers
3409,Astromechs
3411,High Voltage
3415,Lancers
3415,Lancers
3419,Warrior Bot
3425,Campbell County High School
3438,The Brick Squad
3470,The Patriots
3477,Geeks in just their underpants
3479,Arrupe Generals
3480,Frostbyte
3480,Frost Byte
3483,ASCII Robotics
3483,ASCII
3483,ASCII
3483,Aperture Science Competitive IPT Initiative (ASCII)
3485,DaPeeps
3485,Da Peeps
3486,Techno Warriors Advanced
3486,Techno Warriors Advanced
3491,Fix  It
3491,FIX IT
3492,Team Zip Tie
3503,Strange Youngsterz
3505,Brobotics
3507,RoboTheosis
3507,RoboTheosis
3509,PHOENXTRIX
3513,Domo Arigato
3515,Untitled-8
3517,Techno Mafia
3523,Bot Bosses
3525,The Dead Ringers
3531,The Short Circuits
3531,Short Circuits
3537,The Mecha-Hampsters
3537,The Mecha Hampsters
3537,The Mecha-Hampsters
3539,Say Watt?
3539,Say Watt?ÿ 
3539,Say Watt?
3540,RoboBoogie
3541,Friends RoboOwls 2
3543,Titan Robotics
3547,Pixel Warriors
3548,Vinton-Shellsburg Robotics
3549,Born To Be Wired
3550,Beta
3558,Fire Ants
3565,WA Ghosts 
3567,Fear the Gear
3567,Fear the Gear
3568,Ice Wolves
3568,Ice Wolves
3582,Robo Chiefs
3583,Jr. Power Hawks
3584,CCA Brobotics
3587,Unparalleled Processing
3590,Ingenium
3590,Ingenium 
3591,Quark
3592,Meson
3594,Twisted Metal
3594,Twisted Metal 
3595,Schr?dinger's Hat
3597,Knights 
3597,Knights
3599,3 Dudes With Attitude
3608,Robocto Pi
3608,Roboctopi
3609,Polar Technics
3612,Autonomoose
3615,Blue Screen
3615,Blue Screen 
3620,Furious George
3620,Furious George
3621,Semper Fi
3621,Semper Fi
3626,Sikeston Tech Dogs
3627,Rogue Robots
3628,Cape Tiger Tron
3633,Bazinga Bots
3634,Red Raider Robotics: KISS
3635,Cougars Gone Wired
3638,Atomic Shock II
3640,Metal Militia
3641,PPS Robotics
3648,Beehive Robotics
3648,Beehive Robotics
3650,Torrey Techies
3658,Boson
3660,Team Cherokee
3660,Cherokee
3660,Team Cherokee
3664,N.B.I. (Nothin' But Initials)
3664,N.B.I.
3665,Leopold Gearheads
3666,HAWKS
3668,Smokie Jr.
3670,Metal Mustangs
3674,Disinfectant Hand Sanitizer
3677,Royal Flush
3695,Robo Pirates
3698,RockyMountain Robotics
3699,NERDS
3701,Hancock
3708," Iron Eagles ""Opimus"""
3708,Iron Eagles Optimus
3715,Hawks
3717,Cyber Knights
3719,Rampage Raiders
3722,Monkeys of Mayhem
3724,Bulldogs
3726,Terrabots
3727,P2C2E
3731,Bot Jox
3733,Mid Prairie Science Club
3736,Serious Business
3736,Serious Business
3737,Hank's Tanks 
3738,Robohawktagons
3738,Robohawktagon
3740,Absolute Zeroes
3744,Username:awesome
3746,Neco RoboKnights
3747,W.A.S.P.S.
3749,Teenage Mutant Ninja Squirtles
3750,Error 404
3755,Yanza Fuo
3755,Yanza Fuo
3758,Aztec Eagles
3760,Robolions
3763,Piece of Cake
3764,Vulcan
3766,Technical Difficulties
3774,Hive Voltage
3774,Hive Voltage
3781,Westlake Pi-Rho Maniacs
3781,The Westlake Pi-Rho Maniacs
3781,Pi Rho Maniacs
3785,Beastie Bots
3785,Beastie Bots
3787,Gearing Sideways
3788,The Juggernauts
3788,The Juggernauts
3788,Juggernauts
3791,Zipties
3792,Brocksquatch
3792,Gear Devils 2
3795,Jag-Wired
3795,Jag Wired
3796,Talons
3802,Long Shots
3804,Team Snuffleupagus
3804,Snuffleupagus
3805,Ring Leaders
3819,Green RoboDragons
3819,Green RoboDragons
3819,Green Robo Dragons
3820,Gold RoboDragons
3826,Crimson Omega
3830,Skynet
3830,SktNet
3830,SkyNet
3831,Golden Eagles
3836,Sherwood Robotics
3839,NeXT
3839,NeXT
3841,Thunder Cats
3846,Maelstrom
3846,Maelstrom
3847,P2PA
3848,Shockwave
3848,Shcokwave
3854,Panther's Rage
3860,The Revolution
3864,Global Force
3866,R.A.B.B.I.T. NC Robotics
3866,NC 90 Degrees
3873,Scotbotics
3873,ScotBots
3886,Quake
3888,Greased Lightning
3888,Greased Lightning
3896,TechNeetics
3900,Return of Comet Donati
3901,Not First
3903,BSOD Blue Screen of Death
3903,Trash Torque
3907,Blue Tornado
3908,Robotigers Omega
3912,Liberty 2
3915,Liberty 1
3922,Modibot V2
3923,The Atomix
3925,Cyberpirates
3928,FROZEN SQUIRRELS
3929,Cthulhu
3930,Piedmont Wildcats
3931,Robocopz
3938,Acton Robotics
3939,Robo GT
3939,Robo GT
3944,Team Mercury
3944,Team Mercury
3947,Green Dragons
3950,Suffern?s Voltage 
3950,Suffern Voltage
3950,Suffern Voltage
3951,Suffern Reactors
3951,Suffern?s Reactors
3951,Suffern Reactors
3955,Rex
3955,Stopbotics
3963,Whoop!Bots
3963,Whoop!Bots
3965,Twisted Metal
3965,Twisted Metal
3967,RAMTech
3967,RAMTech
3972,Falcon Engineering and Robots
3980,CyberHawks
3981,Gold Griffin
3983,Highlands Robotics
3983,Highland Robotics
4000,Core Fusion
4000,Core Fusion
4001,Limited Edition
4002,Tigertronics
4008,Bronc Botz - Orange
4017,Robopandas
4022,Harmony Tigers
4024,Academ of Science and Design
4024,Spartan
4029,2 Bits and a Byte 
4049,Masai Lions
4049,Masai Lions
4054,Exploding Radioactive Gearheads
4054,ERG
4055,Troll Bot
4064,Partial Madness
4064,Partial Madness
4076,RoBUGS
4076,RoBugs
4077,MASH
4077,MASH
4077,M.A.S.H.
4081,The Droids
4082,RoboSpartans
4082,RoboSpartans
4084,Brooke Point Robots
4084,Brooke Point Robotics
4086,ORC
4087,Midwest Lucky Charms
4092,Nanites
4092,Nanites
4095,Bulldogs
4096,"T-10 (""T minus Ten"") "
4097,PacBots
4097,PacBots
4100,DarBots 1
4101,Darbots 2
4102,CHS Cougars
4102,CHS Cougars
4105,Teal Tornadoes
4106,Supposable Thumbs
4106,Supposable Thumbs
4107,MohonBots
4108,Logical Hypotheses
4108,Logical Hypotheses
4108,Logical Hypothesis 
4112,Warriors
4112,Warriors
4115,Men in Kilts
4115,Men in Kilts
4116,Scrapyard Scots
4117,RAM
4119,Brain Nuggets
4127,BSOD Blue Screen of Death
4127,BSOD Blue Screen of Death
4127,BSOD
4128,UltraViolet
4133,Fusion
4134,Wrench in the Works
4135,Red Alliance
4137,Islandbots
4138,K-High Tech
4138,K-HiTech
4140,Fish in the Boat
4141,Spear and Gears
4141,Spears and Gears
4143,Magnum formerly Blue Steel
4143,Magnum formualy blue steel
4143,Magnum
4144,Engineer Imagineer
4145,Airheads
4147,Super Cell
4147,SuperCell
4149,Terabytes
4149,Terabytes
4150,Dark Matter
4155,Centurion Rougher
4156,Wildcat Robotics
4157,Flightless Birds
4160,Team Velcro
4162,Combustible Lemons
4162,QBH
4162,Qualified Bot Handlers
4162,Qualified Bot Handlers
4163,Osceola Pre-Engineering
4163,Robo Warriors
4163,RoboWarriors
4164,Steel Braves
4165,Titanium Braves
4166,Iron Braves
4169,Robo Mounties
4170,Techno Crusaders
4170,Techno Crusaders
4170,TechnoCrusaders
4173,Bionic Bulldogs
4174,Atomic Theory
4175,Geek Squad
4176,The Architechs 
4176,The Architechs
4177,Highland Robotics
4183,IceBreakers
4185,Silver Soldiers
4185,Silver Soldiers
4187,The Byte Riders
4192,West County Robotics
4193,Those Guys
4194,Neutrality
4199,Radioactive Robots
4200,X2 Factor
4211,The Bombers
4211,The Bombers
4215,Hypnotic Robotics
4215,Hypnotic Robotics
4216,Sons of Hephaestus
4217,Autobotics
4218,LabView Knights
4220,Landroids
4220,Landriods
4220,Landroids
4221,Eggman Enterprises
4222,Overclocked 
4224,Y Not Robots
4227,Kiss My Bot!
4227,Kiss My Bot!
4227,Kiss My Bot
4228,Gears Of Other Dimensions (G.O.O.D.)
4228,Gears of Other Dimensions (G.O.O.D)
4228,GOOD
4228,Gears Of Other Dimensions
4232,Global Dynamics B
4235,Potential Energy
4237,Central Lee Robotics
4237,Hawkbots
4238,Robo Chicken Gator Flys of Papayaland
4238,ROBO CHICKEN GATOR FLYS OF PAPYALAND
4238,RCGFoPL
4238,Robo Chicken Gator Flys of Papayaland
4240,The 4-H Techno Clovers
4243,Phoenix
4244,Brobotics
4244,Bro-Botics
4248,The Onions
4248,Onions
4250,Lightsabers
4251,Cougar Robotics Team
4251,Cougar Robotics
4251,Cougar Robotics Team
4253,Legonauts
4253,Legonauts
4258,Bomb Squad
4260,Spanish Inquisition
4262,Ridgebots
4266,Red Dirt Robotics
4267,RoboChix
4270,Knights who say Ni
4272,Metro Robotics
4273,Aluminati
4275,Tank Bot
4276,The Freshmen
4277,Oxymorons
4278,DeEvolution
4278,de.evolution
4280,Quanah League
4281,R2D2
4282,TSM
4283,Raider Robotics
4284,Mustangs
4286,Dragonoids
4287,The Red Meteors
4289,Steel Lightning
4291,STEMBots
4296,Titanium Falcons
4298,The Professionals
4299,The Battery Powered Picklejar Heads
4299,The Battery Powered Picklejar Heads 
4301,Tigers
4301,Tigers
4303,ROBO BRONCOS II
4304,Cronus
4304,Cronus
4306,Team Bender
4307,Team Hal
4309,Dovahbots
4311,Watt The Hex?
4311,Watt the Hex?
4311,Watt the Hex
4311,Watt The Hex
4314,4314th Aero Squadron
4314,4314TH AEROSQUAD
4315,TRITONBOTS-1
4318,Green Machine
4319,Halestorm 
4319,Halestorm
4322,PHI Omega
4322,Phi
4324,Super Ninjas
4326,Basement Lions
4326,Basement Lions
4327,Silver Titans
4328,C'est la Vie
4329,The Wolfpack
4333,Sticky
4337,DeVry Daemons
4344,RickRollers
4345,Aragon Robotics Team
4345,Aragon Robotics Team
4347,NanoGurus
4347,Nanogurus
4355,Gryphons 
4356,Gears
4357,Psychotic Geniuses
4357,The Griffins
4358,The Griffins
4359,Winged Warriors
4360,BLHS REACH
4360,BLHS REACH
4362,Quakers
4363,Marinerds
4363,Marinerds (Pine Island Crew)
4363,Marinerds Pine Island Crew
4365,Dowling Ice Tea
4366,Westside Boiler Invasion
4372,TRITOTBOTS-2
4373,Firebots
4377,SCRAPPERS
4377,SCRAPPERS 
4378,Organized Chaos
4379,Mythik_Wolf
4380,Purple Square
4386,Nova Knights
4389,RoboBucs
4390,STORM
4390,Storm Robotics Team
4392,Hillers
4392,Hillers 
4396,Decepticons
4399,Autobots
4408,Robots in Plaid 
4408,Robots in Plaid
4410,Awesome Sauce 
4412,Super 8
4416,SST Stallions I
4417,The Venom
4419,Bishopbots
4419,Bishopbots
4420,Trobots
4422,Red HoloRams
4426,River King Robotics
4432,FCS Robotics
4433,Smokin' Motors
4433,Smokin' Motors
4443,Sock Monkeys
4444,Robocats
4444,Robocats
4445,Polson Robotics
4450,5th Generation
4450,Wing it
4451,RoboFoxes
4451,RoboFoxes
4452,Wolverines
4454,MoHawk Warriors
4455,MoHawk Warriors
4466,Robots and Brain Bots Inc. 
4466,Robots and Brain Bots Inc 
4468,Colts
4468,Colts
4469,Hydra B
4473,Team Bluescreens
4473,Team Bluescreens
4475,Purple Reign
4475,Purple Reign
4476,Demons
4479,Mecha-Eagles 
4479,Mecha Eagles
4480,The Blue Dwarves
4486,Mad Science
4486,Mad Science
4487,Droid Bots
4488,Eagle Upgrade
4490,Skybots
4492,Connect-I-Cons
4494,WolverBots
4494,West Geauga WolverBots
4494,WolverBots 
4497,Burnout
4498,RoboWarriors
4500,MFS Falcons
4500,MFS  Falcons
4500,MFS Falcons
4507,RoboChargers
4507,RoboChargers
4508,E=mc^Squirreled
4508,E=mc^Squirreled
4509,Caped Cruisaders 
4510,Jackets
4511,An Abnormal Amount of Apples
4512,West Torrance
4512,West Torrance Robotics
4530,Infinite Resistance
4531,Taz
4531,Looney Tuned Robotics
4535,Redneck Robotics
4535,Juniors
4535,Robo Rev Junior
4538,Automantonx
4539,Sourdoughs
4540,Iron Panda
4543,Team Jazargo
4545,ViperBots
4545,Team Vandergift 4545
4545,Viperbots
4546,SnakeByte
4546,SnakeBytes
4548,Ruf-Nex Robotics
4549,Lutheran Mustangs
4550,Metal Madness
4554,Robo Mustangs
4554,Robo Mustangs
4557,Mass Havoc
4557,Mass Havoc
4560,Orolchi
4560,Orolchi
4565,Radical Tech
4565,Radial Tech
4578,Rebecca
4580,Wildcats
4586,Team Tiger
4586,Tiger Team
4587,The Red Hot Techie Peppers
4590,Cyber Daze
4590,CyberDaze
4592,Nuts & Bolts
4594,Tualatin Robotics
4594,Tualatin Robotics
4594,Tualitin Robotics
4600,Penn Robotics
4601,Scissor Lifters
4602,Bronc Botz - Blue
4604,TWOCA
4605,RoboHackerz
4605,RoboHackerz
4606,Tesla's Titans
4606,Tesla's Titans
4609,Zoid Bot
4610,Tiny Tank Bot
4611,Hydra Bot
4612,Dew Bot
4621,Patriots
4626,Autobots
4628,Suitbots
4628,Suit Bots
4631,Project Ninja
4633,Clockwork Clover
4635,RamBots
4636,Mustache Claus
4636,Santa Claus
4638,City Poly 3
4640,Tualitin Robotics
4640,Tualatin Robotics
4641,RoboSharks
4644,Robotic Adrenalin
4650,The Agency
4654,Blind Brook Robotics
4662,Bulldog Robotics
4666,The Loco-Motives
4666,Loco-Motives
4683,Gatorzillas-USBs
4688,Ronald Reagan Robotic Rattlers
4688,Reagan Robotics
4702,Dragons
4704,SST Stallions II
4707,Panthers
4713,MechaCardinals
4717,Estrogenius
4718,Toltech T-STEM Archimedes
4719,Toltech T-STEM Galileo
4720,Toltech T-STEM Newton
4721,Toltech T-STEM Einstein
4732,The Sophomores
4733,Robotech
4736,Puma LAB
4751,Bot of the Rings
4753,Tech Nerds
4756,Queens School of Inquiry
4760,Mr Bot
4761,Rogue Robotics
4769,Deadringer
4774,Jesuits
4775,Ridgebotics
4780,Team Blu
4780,Terraroids
4780,Team Unicorn
4781,Mech Knights
4782,The Super Trouble Makers
4783,Dynamic
4784,Tetrions
4784,Tetricons
4784,Tetricons
4785,Anonymous Autonomous
4790,Area 52
4790,Area 52
4800,RoboCats
4808,Robobubbles
4808,BLue Cheese
4809,Botman
4811,Toltech T-STEM Copernicus
4821,RoboBots
4822,Captain America
4847,Dat Robot
4855,Batteries In Black
4855,Batteries In Black
4856,Minnie MASH
4856,Minnie MASH
4856,Minnie-MASH
4858,Cyber Ninjas
4861,GriffinBots
4874,The Fellowship
4885,GearHeads
4890,Hive Voltage 2.0
4890,Hive Voltage 2
4890,Hive Voltage 2.0
4902,Clutch
4906,Junkyard Dawgs
4914,Vulcan Robotics
4916,Techtris
4916,Techtris
4922,WHS Robotics
4924,Tuxedo Pandas
4926,Tech Titans
4932,Moody Martians
4933,Short Circuits II
4934,Panadmonium
4936,Sparks
4937,BHS
4937,Binary Hacker Society
4943,SEStematic Elim
4945,Teton Gravity Robotics II
4945,TGR 1
4946,RoboRaiders
4950,CHS Robotics
4953,2B7G
4960,Tiger-Bots
4962,Ballistic Bots
4963,NOVA
4963,Nova
4964,Rolla Patriots
4964,Rolla Patriots
4965,Animatores Romani
4965,Animatores Romani
4968,Daemons Robotics
4969,Robot-X
4970,Loose Screws
4970,Loose Screws
4976,Accident Waiting to Happen
4976,Accidents Waiting to Happen
4976,Robo Scouts
4976,Accidents Waiting to Happen
4977,LANLords
4977,Lanlords
4979,Cougars
4982,Cafe Bot
4982,Caf‚ Bot
4982,Cafe Bot
4983,Liberty Flacons A
4988,The Click
4990,PantherBots
4990,Pantherbots
4991,Fedora Force FIve
4993,Operation Rolling Thunder
4995,Titanium Tigers
4997,Masquerade
4997,Masquerade
4998,Q
4999,Imagine It
4999,Imagine It
5002,Robo Wolves
5005,Carbonauts
5005,Carbonauts
5005,The Carbonauts
5007,Lacy Raider Robotics 
5009,Robot Jaguars
5010,Dragons
5011,BotSquad
5014,Team Rocket
5014,Sidwell Friends Robotics 1
5015,Buffalo Wings
5016,Deus Ex Machina
5016,Deus Ex Machina
5017,RoboEpic
5017,RoboEpic
5018,Team Brick Buddies
5018,Brick Buddies
5018,Team Brick Buddies
5020,Kilabots
5021,Robosses
5021,Robosses
5023,Bulldogs
5024,Tesla Tazers
5024,Tesla Tazers
5025,Tesla Fliers
5025,Tesla Fliers
5026,Tesla Coils
5027,Plan B
5029,PowerStackers
5029,PowerStackers
5030,Odd Bot
5032,MIGHT
5035,WIRED
5036,Absent Minded Geniuses
5036,Absent Minded Geniuses
5037,Got robot?
5037,got robot?
5039,Devilbots
5039,Devibots
5042,ROBO MASTERS
5044,Lgit
5045,Tachyons
5050,Pelham Robotics
5055,Worcester Beach Bots
5057,VOID
5058,Brain Trust
5060,Milton Static 
5061,Team Swag
5061,Team Swag
5062,Ragebots
5062,Solon Team #2
5063,Tipton High School
5065,Bee Awesome
5067,Quantum Barracudas
5067,Quantum Barracudas
5067,Quantam Barracudas
5069,Robogamers
5069,Robogamers
5069,The Robogamers
5070,N.U.T.S.
5070,NUTS
5070,NUTS
5070,N.U.T.S.
5072,Wildcats
5073,Powered by Goldfish 
5075,Basement Dwellers
5075,Basement Dwellers
5076,CyberReign (Freshman Team)
5076,Cyber Reign
5078,Omegatron
5080,Py Robots
5084,B.E.T
5085,Newton's Lawyers
5085,Newton's Lawyers 
5085,Newton's Lawyers
5086,Turtles
5086,Chatham Hall Turtles
5088,Brackenbots II
5094,Still Under Development
5095,Leptons
5096,Monkey Madness
5096,Monkey Madness
5097,Wildcat Robotics 2
5101,Sprocketoids
5101,Sproketoid
5102,NWA Robotics
5103,Super Novas
5108,Amish Electricians
5113,HRHS ACE Robotics
5114,The Knights Who Say C
5115,RoboWizards
5116,Pawbotics
5118,Hadron
5119,Baryon
5120,Latrodectus Mactons
5120,Latrodectus Mactons
5125,Raiderbots
5125,Raiderbots
5126,InDEnProCom
5131,Point Loma HS
5132,AHERT RAVENS
5135,Team Uncopyrightable
5140,Waco Aerobotics
5140,Waco Aerobotics
5141,Warrior Bots
5142,Hawkbots
5143,Xpendables
5149,Robota
5150,Raiders
5151,Infinity Robotics
5151,Infinity
5151,Infinity Robotics
5153,Cleveland Syndicate
5154,Avengers
5155,"Blood,Sweat,and Gears"
5156,Sharks with Laser Beams
5157,Metal that Moves
5157,The Metal That Moves
5158,T.I.T.A.N.S (Technologists Initiating Throught and New Science)
5158,T.I.T.A.N.S
5158,T.I.T.A.N.S.
5161,Eaglemaniacs
5163,Flying Dragon
5165,*STAR* Cygnus X-1
5165,CYGNUS X1
5166,WD-41
5166,WD-41
5167,Hope
5170,G.E.A.R.S.
5170,GEARS
5173,DSA Raptors
5174,River King Robotics
5174,River King Robotics 
5175,Vector Robotics
5177,Global Dynamics A
5177,Global Dynamics A
5177,Global Dynamics - A
5178,Mech Hawks
5179,Cyberstorm
5180,Robo Hornets
5183,Sprocket 
5183,Sprockets
5185,Topsy Turby
5185,Topsy Turvy
5186,Pantherbots Alpha
5187,Transistor Titans
5190,MICDS Rams
5191,Ligerpandas
5192,Robo-Hooters
5195,RoboBears
5195,Robo Bears
5196,Robo YETI
5198,Adamantium
5199,Synt@x Error
5200,That's a Good Question
5200,That's a Good Question
5202,Stand / Try2
5202,STAND/Try2
5202,Stand/Try to Understand
5202,Try to Understand
5203,Brains on Bots
5203,Brains on Bots
5205,SyBorgs
5206,The Knights of Ni
5206,The Knights of Ni
5209,Operation: BisonBot
5210,Mission Impossible Team
5212,Megahertz
5212,Megahertz!
5214,RICE
5214,RICE
5215,That Team
5216,12 Volt Ninjas
5219,War Eagles
5219,War Eagles
5220,Robo Knights
5220,Robonights
5220,RoboKnights
5222,Entropy
5223,Grizzly Robotics
5225,Domini Machinae
5225,Dominii Machinae
5225,Domini Machinae
5226,Brick Howes
5229,The Robo Chicks
5230,Million Minds
5231,PTFO Army
5232,HAL9000
5233,Spartans
5233,Chplgt
5233,Chaplit
5234,Tiger Steel
5235,Millennium Falcons
5235,The Millennium Falcons
5237,Loose Screws
5237,Loose Screws
5241,Some Assembly Required 
5241,Some Assembly Required
5242,Sun Warriors
5247,Knurlheim
5248,Fermion
5249,Synergy in Motion
5250,Loading...
5250,Loading?.
5251,Ubercharged
5252," ""Insert Name Here"""
5253,Decepticons
5256,Spare Parts
5256,Spare Parts
5257,Eagles Robotics Xperience
5257,Eagles Robotics Xperience
5262,I LITE Up Minds
5263,DC Underground
5264,ILITE BlueChips
5264,Blue Chips
5266,The men who stare at programs
5267,Black Hawks
5271,CTRL ALT DELETE 
5271,CTR ALT DELETE
5271,CTRL ALT DELETE
5272,Decuplet
5273,Pixelated Tesseracts 
5274,*STAR* Andromeda
5275,WTF Brigade
5276,Broken Code
5276,Broken Code 
5279,Positrons
5279,Positrons
5280,Bacon Extra Crispy (B.X.C)
5280,Bacon Extra Crispy
5281,E Informers
5283,LAIMO
5284,R2KT
5286,Motor Monkeys
5286,Motor Monkeys
5289,Martians
5289,Martians
5290,Steel Eagles
5290,Steel Eagles
5291,Oxford Middle School
5292,Red Storm Crestwood
5292,Red Storm- Kentwood
5293,Rexbotics
5293,Rexbotics
5294,What the heck is pi?
5294,What the Heck is PI?
5295,Steel Pythons
5295,Steel Pythons
5296,Audere est Facere
5297,NerdBots
5297,NerdBots
5304,Jaguars
5305,Monta Vista Robotics Team
5308,Armored Division
5309,Plan B
5312,LL Urban Achievers
5313,Improbable Phenomenon
5314,Blue Nova
5318,Primates of Purgatory
5319,Wolverines
5320,RoboLancers Gold
5321,TechHeroes
5324,Black Knight Robotics
5326,VC Vendetta Team
5329,#Bill-E
5330,Robotic Rush
5332,Cougar Current
5332,CHS Current
5332,Cougar Current
5333,Path Blazers
5333,Path Blazers
5334,P2P1
5337,RoboHuskies
5338,Robo Raiders
5338,Robo Raiders
5340,Binary Addiction
5341,Atomic Toad
5341,Atomic Toad
5348,Irvington JV
5350,Team One
5350,Team 1
5353,Pink Fruffy Unicorns
5354,ORC II
5356,Team Tardis
5356,Team Tardis
5356,Tardis
5357,CCRC
5358,T-Nerds
5359,The Solinoids
5359,Solinoids
5360,The Ada Graces
5360,Ada Graces
5361,Lionotics
5376,TECHKREW
5378,Team Aperture
5380,Crandroids
5381,Viko-Psychos
5381,Viko-Psychos
5383,Code Red- Breaking/Physics
5383,CRR Breaking the Laws of Physics
5384,Code Red- Evacuate NOW!
5384,CRR Emergency Situation Evacuate NOW!!
5385,Riddlers
5385,Enigma Riddlers
5386,Fabricators I
5387,The Greyhounds
5387,The Greyhounds
5391,Enigma Puzzlers
5391,Puzzlers
5392,CHEC-3PO
5395,Broncobots
5397,The Bot Side
5397,The Bot Side 
5398,Robotux
5398,Robotux
5401,Warriors
5402,Controlled Chaos
5402,Controlled Chaos
5404,TJ Titanium Titans
5405,N.E.R.D.S.
5405,N.E.R.D.S
5406,Optimus Bee
5406,Optimus Bees
5407,Dowling #hashtag
5409,The Gryphons
5409,The Gryphons
5411," Geeks,Gears,& Gadgets"
5411,"Geeks,Gears,and Gadgets"
5412,The Huskies
5414,Techie Tornados
5414,Techie Tornados 
5417,BotWerx
5421,RM Robotics
5424,Soup-A-Stars
5425,Lacombe
5427,The Flolopping Dargons
5429,Team Clutch
5433,Advance Hornets
5436,Aluminum Cobblers 
5439,Gluons
5442,TERRA
5442,TERRA BaltaBots
5444,The Tangents
5445,TroHawk
5445,Trohawks
5446,Sting Bots
5451,Da Big Meks
5451,Da Big Meks
5452,Warbots
5452,Robot to the Knee
5453,N2AsEr
5453,N2AsEr
5454,dent in the universe
5454,dent in the universe
5454,DITU
5460,Heritage Hills High School
5460,Revolutionary Robotics
5461,Robo Cyber Manor
5464,The Lancers
5465,Mean Machines
5466,Combustible Lemons
5468,K9
5468,Finding Blue Moose
5470,Rambot
5470,Rambot
5474,LISA Jaguars
5477,Innovo
5481,Saint Dominic High School
5484,Enderbots
5484,Enderbots
5485,PRO
5486,The Pluralists 
5486,The Pluralists
5488,Robodragons
5488,Robodragons
5494,Oscar
5495,Iron Eagles
5496,Cougar Bots
5497,Valle Verde Math Club
5499,The Paladins
5499,Paladin
5499,Paladin
5501,League of Shadows
5502,Iron Cross Robotics
5505,The Roboneers
5515,Warrors
5516,WARP6
5517,WARP7
5518,Radians of the Arc Tangent
5520,Radical PiRates
5521,The Dutchman's Derivatives
5524,Robodragons 2
5526,Quasics
5527,Sir Lightning
5529,WolfTracks
5529,WolfTrack
5529,Wolftrack
5529,WolfTracks
5532,Wolfbots
5538,Pure NRG
5539,Fame It Up!
5544,Transformers
5544,Transformers
5545,Titanium Clovers
5545,St. Patrick School Titanium Clovers
5553,RoboComets
5554,Cody and the Gang
5555,Plan B
5556,Team Asimov
5560,Saint Dominic High School
5561,Nerd Heroes
5564,SCITECH
5565,The Doctors
5570,STEM Cyborgs
5571,Spaz
5571,Spaz
5572,Robot Unicorns
5573,RoboCougars
5573,RoboCougars
5575,Skynet
5576,Ulimate Warrior
5581,Bridger Bolt and Volt
5582,SCITECH
5596,That One Team
5600,Stallions
5602,Bionic Gaels
5602,Bionic Gaels
5604,Thunderbots
5604,Thunderbolts
5611,Robobears
5611,Robo Bears
5614,Team Immortalis 
5618,Control Freaks - Version 1.0
5618,Control Freeks- Version 1.0
5619,Tesseract
5624,Curiosity
5625,Legion
5627,EMP
5628,The Tau Manifesto
5628,Tau Manifesto
5633,WiredCats
5633,Wiredcats
5637,Tech-Wise Guys
5640,Mechanical Mayham
5641,Devilbots Red Team
5641,Dail Bots Red Team
5642,Robo-Jacks
5644,Bedford Bots
5645,Las Aguilas
5646,Robot Time
5648,Tek Twisters 2.0
5649,Liberty Falcons B
5650,Viking II
5653,Toltech T-STEM Da Vinci
5654,Toltech T-STEM Edison
5655,Toltech T-STEM Armstrong
5656,Toltech T-STEM Ford
5657,Toltech T-STEM Tesla
5658,Spartans
5658,Spartans
5661,SHPE WOLVES
5663,Shock Wave
5663,Shock Wave
5664,Cyber Wolves
5666,Dutch 200
5667,Robo Miners
5667,Robo Miners
5670,Dragons
5670,Da Vinci Dragons
5677,AEC SWAT
5678,Cardinal
5681,Robo Pirates
5684,WALRUS
5685,GEARS
5686,Sith
5693,The Fellowship
5700,Knights 
5700,Knights
5703,Doppler Effect
5704,Mean Green Machine
5706,Reboot
5708,RoboViks
5713,Formula Matrix
5714,Shamrocks
5717,Gear Up
5718,DragonBot
5720,Bazinga Bots
5723,Ft. Zumwalt North High School
5724,Hive Mind
5724,Hive Mind
5726,E-1337 Robotics
5732,Vetoed
5734,Short Circuit
5741,RoboHawks
5746,Spartan Engineering
5747,Young Spartans
5747,Young Spartans
5751,Rebelutionary
5754,Marburn Marbotics
5754,Marburn Academy Gear Pack
5754,Marbotics
5755,TieDye Narwhals
5758,Robo Indians
5764,Blue Sabers
5767,Connally Team 7
5773,Ink and Metal
5774,Robo Dominators
5779,Changing Expectations
5794,4-H Mavericks
5799,Psycho Circuit
5800,Lehman Robolions
5801,Pretty Bot
5808,Anonymous
5809,Yobos
5810,Mega Pyro Bot
5812,Cardinals 2
5814,Dramatic Ironics
5815,Disgruntled Robots
5815,Disgruntled Robots
5818,BotteringRams 
5818,BotteringRams
5826,Metal Ducks
5826,Metal Ducks
5828,Chaotic Rainbows
5828,Chaotic Rainbows
5830,Mechanically I
5835,The Awesome Asimovs
5836,Robot Repair
5840,Real Bots
5859,Serenity
5862,Techno Tigers
5866,Sprouts
5869,Over Prepared
5870,Robotrouble
5870,Techno Trouble
5872,MAVERICS
5873,Dragon Terminators
5873,Dragon Terminators
5874,Congobots 3.0
5875,Genius
5875,Genius
5877,Team RMotZ
5877,Team RMotZ
5880,8 Bit Bandits
5883,Maverick Heavy Lifters
5883,Maverick Heavy Lifters
5886,R.P.G. (Robot Programming Guild)
5886,R.P.G.
5886,R.P.G
5887,Robowarriors
5890,e-lemon-altors
5891,Redneck Engineering
5892,Future Bionic Innovations
5892,Future Bionic Innovations
5893,Direct Current
5893,Direct Current
5894,V-CUBE
5894,V-CUBE
5895,The Ladybots
5896,KART
5897,HackHers 
5899,Heavy Metal
5901,Divide by Zero (DiBz)
5903,Defying Gravity
5904,Huskies
5909,Camdenton 4-H LASER - 5909
5910,Fightin' Irish
5911,Mean Green Machine
5911,Mean Green Machine
5913,Drop It Like It's Hot
5913,Drop It Like It's Bot
5915,Epic Elders
5916,Bo Bots
5916,BoBots
5917,Acrobots
5917,Acrobats
5922,Wheaton Robotics
5923,Raptors
5925,WildBots
5926,The Things
5927,Hephaestans
5927,Haphaestans
5928,The 3rd Wheel
5928,The 3rd Wheel
5931,CRU-BOTICS
5931,Cru-Botics
5933,Legacy
5933,Legacy
5936,RoboSquad
5936,Robo Squad 
5937,Renaissance Robotics
5937,Renaissance Robotics
5937,DVLA's Renaissance Robotics
5938,Loose Screws
5939,Team AFOOFA
5939,Team AFOOFA
5940,Rockin Robots
5941,St. Mary's Cybercats
5943,Erector Sets Gone Mad
5944,Live Wire
5947,NCA Lights
5947,NCA Lights
5948,Arctic Eagles
5949,Steel Wolves
5949,Steel Wolves
5954,Lightning Boltz
5954,Lightning Boltz
5955,SWAT Bots
5956,Robo-Warriors
5957,Sonic Eagles
5957,Sonic Eagles
5958,Memes
5958,Memes
5960,Crazy 8's
5962,B-Star G-Squared
5963,Team Purple Thunder
5965,The Roboto's
5966,Fossilized Albatross
5967,RoboHornets
5968,Westfield Robotics
5968,Westfield Robotics
5969,Enginuity
5971,Robo Clovers
5972,PatronumBots
5972,PatronumBots
5973,Lego Action Figures
5975,CYBOTS
5976,Brandon Middle School
5976,Blackhawks
5977,Cyberswat Robotics
5977,Cyberswat Robotics
5978,Falcons
5979,Cybertechnic Stingers
5980,Titanium Tech Vikes
5981,Robotics Brotherhood
5982,The STORMERS
5982,The STORMERS
5985,Adrenaline Tech
5986,Robotics Crusaders
5988,Suffern Syborgs
5988,Suffern Syborgs
5989,Suffern Doctors
5989,Suffern Doctors
5991,TigerBytes
5991,Tigerbots
5994,Rock City Robots
5995,ScotBots
5996,ACS Team
5996,ACS Team 
5997,SuperUsers
5997,SuperUsers
5998,Purple Haze
6000,Fabricators III
6001,Lemon Drops
6001,Lemon Drops
6002,Basilisks
6002,Basalisks
6004,Robo Blazers
6006,Tru Blu 2
6007,Octopi
6007,Octopi
6009,Robo 100
6009,Robo 100
6010,Saints
6012,Zombots
6013,RoBros
6015,Robocats
6018,Platinum Devils
6018,Platinum Devils
6020,Red Raider Robotics
6021,Martian Minds
6022,TBD
6022,TBD
6023,ArchiSci
6023,ArchiSci
6024,Lords of the Ring
6025,Mason City Robotics
6027,Bionic Minds
6029,Team Robowiz
6032,Rosie's Riveters 
6035,St. Peter Minutemen
6035,St. Peter Minutemen
6037,WAGS
6038,Tino Robotics
6040,Bulldogs 
6040,Robotosaurus
6041,Field Destruction
6042,Cascia Commandobots
6043,NC Gears
6043,NC Gears
6044,Scavo Scientists
6045,foobar
6045,foobar
6047,Twisted Axels
6047,Robo Lions
6048,Girls in Black
6048,Girls in Black
6052,Tiger Tron
6054,int elligence;
6055,Gear Ticks 
6058,Yellow 5
6067,MOAB - Mother of All Robots
6068,Robot Devils
6069,Pingry Robotics
6069,Pingry Robotics
6070,WO-BITS
6071,Lord of the Bricks
6072,Wildbots
6073,Robo Bubos
6073,Robo Bubo
6074,RAWALA
6076,RoboDores
6077,Syntax Error
6077,Syntax Error
6079,BJHS Bionic Broncos
6079,BJHS Bionic Broncos
6080,Coriolis Effect
6081,Minutemen Robotics
6082,AltF4
6082,AltF4
6083,Lightning Bots
6084,Stormbots
6085,Electro-Mechanically Controlled Chaos
6086,Warriors
6088,I-bots
6090,G360
6090,G360
6091,Elma Robotics
6092,Marinerd Tech Warriors
6092,Tech Warriors
6092,Marinerd Tech Warriors
6093,Pleasant Valley Robotics
6093,Pleasant Valley Spartans
6094,IncrediBULLS
6095,Ptero-Bytes
6097,Robotic Brick Squad
6099,Gothambots
6100,Chariots of Fire
6101,Energized Hazard
6101,Morris Knolls #1
6102,Morris Knolls #2
6102,E=MK2
6103,RoboDragons
6103,Decpticonasaurses
6107,CraiNEONerds
6107,CraNeoNerds
6109,Pundabots
6111,Avengers GSSJC1
6112,Wolfbyte
6113,WHO
6115,Robo Tech 
6116,RoboJets
6120,THUNDER ROBOTICS
6121,Cougar Bots
6121,Cougarbots
6124,Geek Gods
6125,Carson
6127,i-Bots
6127,STL Wizards
6129,STRONG Swagalicious Masterbots
6130,Girl Scouts
6130,Robotica
6130,Robotica
6131,W.I.T.s
6131,W.I.T.S.
6133,The NUTS
6133,The NUTS!
6134,Black Frogs
6134,Black Frogs
6135,Southside Divas
6137,RoBowties
6138,Page 184
6140,Luray RoboDogs
6144,Rambotics
6147,Newbotics
6148,Orange Pi RoBEARics
6148,Orange Pi RoBEARics
6149,The A Team
6149,Aggies
6150,Tenacious Ten
6152,Robo Two
6154,Bot Masters
6155,Purple Unicorns
6155,Purple Unicorns
6157,Leviatech
6165,MSET Cuttlefish
6167,Cyber Dawgs
6167,Cyber Dawgs
6168,Maniacal Mechanics
6168,Maniacal Mechanics
6172,Frontal Robotomy
6173,Global Dynamics C
6173,Global Dynamics C
6173,Global Dynamics - B
6174,ODYSSEY ROBOTICS
6177,Robo Builders
6177,RoboBuilders
6180,The Baybillies
6184,MHS Tech Club
6185,Menaul Panthers
6185,Menaul School Robotics
6186,Senators
6187,Houndbots
6189,CPU
6189,CPU Rotobics
6190,Cyber Storm
6191,CB South Robotics 
6191,Short Circuit
6192,Gold Cyber Trojans
6194,PLUMBERS
6194,PLUMBER
6195,LC Robotics
6196,Very-able
6198,EMP Robotics
6199,Return of the Rings
6199,Return of the Rings
6200,Bobcatz
6201,No We Don't
6202,The Raiders
6203,Can We Think About It?
6204,Stingrays
6204,Stingrays
6205,Scarlet
6206,Ohm's Olympians
6206,Ohm's Olympians
6207,Kirkwood Robotics - Team Alpha
6208,Ratzo Robotics
6209,Team Vandergift 6209
6209,Venom
6209,Venombots
6210,VenomBots
6210,Venombots
6212,Brodo
6213,Cavbots
6214,Girl Scouts of Black Diamond Council
6215,Sigma Six
6216,Control Freaks
6217,The Fellowship
6219,Pather Bots Bravo
6220,Swerve Sigma
6220,Swerve Sigma
6221,Pather Bots Alpha
6222,SaintBots
6222,SaintBots   
6223,Evasive Robotics
6224,UPA Urban Cyborgs
6225,Team Terabyte
6225,Team Terabyte
6226,Bambusa
6227,R P Robotics
6231,Dons
6232,Ctrl Alt Delete
6233,TartanBots
6237,Titanium Bears
6238,RoboRams
6238,Gnomeland Security
6239,Laurel Locomotives
6241,Unidentified?
6242,BOB THE BUILDERS
6243,Robot Chicken
6244,The A Team
6245,The Apaches
6246,Anonymous
6247,Aperture LAB
6248,Hot Bronze
6249,Red Sun
6250,Ice
6251,Purple Panthers
6252,The Whovians
6253,Technical Difficulties
6255,NinjaAvengers
6255,Ninja Avengers
6256,The Leonardos
6257,2Saints 
6258,Wyoming Seminary
6262,Silverbacks
6263,Team Paradise
6264,Team Audacity
6265,Alpha Team
6266,Marriotts Ridge FTC#5
6266,Mariotts Ridge FTC #5
6266,Marriotts Ridge FTC #5
6272," Iron Eagles ""Prime"""
6272,Iron Eagles Prime
6273,Technocats
6276,Hyperon
6279,Robovengers
6280,Duct Tape
6281,Genetic Advantage
6282,Simi Valley Robotics
6283,Platinum Tech Vikes
6284,Cavaliers
6284,Robo Cavaliers
6285,Statesbots
6286,Falcons High Flyers
6287,Warbots
6287,Warbots
6294,GoRobo-Novi
6297,The Mad Hatters
6298,St. John's
6299,Team Vandergift 6299
6299,QuadX
6299,QuadX
6301,The Blue Devil Voyagers
6302,T.R.O.N - Technological Robotics Organization of the Nation
6303,Team Awesome
6304,Rams 
6305,Technology Titans
6306,Rising Sun Tiborgs
6308,Hutzbots
6308,Hutzbots 
6309,Anti-Luddites
6310,Honey Badgers
6311,Warrenton High School
6312,Desert Rovers
6312,Robotics Ninja
6313,Robo Nova
6314,Bott Kickers 
6315,Phoenix
6316,Saint Dominic High School
6317,Robo Majors
6318,Extra-TETRIX-ials
6319,Polka-Bots
6320,The Mechanix
6321,RoboRaiders
6321,RoboRaiders
6322,The Wizards of Odd
6322,The Wizards of Odd
6323,Pink Nurple
6323,Purple Nurple
6324,EF-5 Tornadoes
6325,Aluminati
6327,Fetch
6327,FETCH
6328,Tiger Bots
6328,TigerBots
6329,Digital Dogs
6330,Sleipnir
6331,Promethean Engineering
6332,RoboTitans
6332,RoboTitans
6333,Rogue Bots
6334,Fabricators II
6335,Kirtland Hornets
6335,Kirtland Hornets
6336,CSPBots
6337,Metal Marauders
6337,Metal Marauders
6339,Robotomy
6340,Golden Hammer
6341,Huskinotics
6343,BIONIC BULLDOGS
6343,Kingman Bionic Bulldogs
6347,Sonic Superheroes
6348,Thunder Blades
6348,Thunder Blades
6349,Robo Dawgs
6350,Insert Name Here
6351,Driven 
6352,Iron Panda
6353,Iron Panda
6354,Code REB
6356,Anamosa High School
6357,Folsom High School
6357,Folsom High
6358,Bulldogs 
6358,British School of Boston
6359,Bruin-Bots
6360,The Black Knights
6361,Pepe
6361,Tigerbot
6362,Robotiger
6363,ICUP
6364,Pulsatrix
6364,Pulsatrix
6366,Team Four
6367,ShakeWell
6368,Bring The Heat
6369,Designosaurs
6371,Machine Kings
6372,Patriotic Robotics
6376,RamBots 2
6377,Copyright Issues
6378,Jaybots
6379,Nerdvana
6379,Nerdvana
6382,RoboWizards 2.0
6383,Big Blue Botics
6384,EAC Survivors
6385,Enterprise Engineering Corps
6387,Cadet Bot Crew
6388,TRITONBOTS-3
6388,TritonBots 3
6389,Exploding Unicorns
6390,Gerstell Academy 1
6397,NIU EEP 
6397,Girls on Wheels
6400,Moss Bots
6403,Muskies
6405,Lalalala Llamas
6406,Coyotes
6407,Lutheran Mustangs
6410,Eyes of the Storm
6411,Shenanigans
6412,Huskr Bot
6417,Explorers
6418,NDCL Robotics
6419,Robots Are Mad Swag
6420,SaberHOOFTigers
6420,Sabre HOOF Tigers
6422,GREEN DRAGONS
6424,'OlyCow
6426,Robohodag
6429,Girls Gone Wired
6429,Girls Gone Wired
6430,Jr. Rebels - A 
6431,Jr. Rebels - B 
6433,Neutrinos
6433,Neutrinos
6435,Technical T-Birds
6437,The Mad Hatters
6437,Mad Hatters
6440,The Metallic Controllers
6440,The Metallic
6440,The Metallic Controllers
6441,Cincy Wolves
6441,Cincy Wolves
6442,Cyberzon
6445,Titanium Tigers
6446,Lights Out
6448,Blue Jays
6449,Mechanical Bulls
6450,Jaguars
6451,Tarpon Robotics
6451,Tarpon Robotics
6453,Vianney
6454,Filial Mechanics
6455,MoHawk Warriors
6457,MEAN MACHINE
6458,Shufflebot
6458,ShuffleBots
6459,Cyborg Indians
6459,Cyborg Indians
6460,The Greasers
6465,void
6466,Big T
6467,Wiggidy Whack Electronix Pack
6469,Chicago Yeomen
6470,Southeast Cyber Surfers
6470,Souitheast Cyber Surfers
6471,PARABOT
6472,Eagle Tech
6473,Red Hot Robots
6473,Horse Power
6474,T.I.B.B.A.R. NC Robotics Team
6475,Team CODE
6476,Gearheads
6476,Gearheads
6477,SD30 Robotics II
6479,Stingbots
6480,Team 1
6481,Stafford High School Robotics
6482,Red Strom Kentwood
6482,Red Storm- Crestwood
6483,Berkshire Middle School
6483,Berkshire Middle School
6484,Robo-Barons
6486,01010100 01000101 01000001 01001101
6487,Team Alpha Omega
6488,SHARP
6489,Wolfinators
6490,Wolfborgs
6492,Beaver Bots
6493,Cyber Colts
6494,Control Freaks - Game Masters
6494,Control Freeks- Game Masters
6496,SEP Nerd Herd
6497,Red Ring
6498,Super Velocity
6499,robo.jocks
6501,Cougar Bots II
6502,RamBots 1
6503,bEAST Robotics
6504,Torque Omega
6506,RoboDogs
6507,Spirit Lake Robotics
6508,Radioactive Raiders
6508,Radioactive Raiders
6510,CyberSharks
6511,The Fates
6512,Robotigers Epsilon
6512,Robotigers Epsilon 
6513,Robotigers Alpha
6514,Robotigers Gamma
6514,Robotigers Gamma
6515,Robotigers Beta
6515,Robotigers Beta 
6516,ChargerBots
6517,Socialbots
6518,Scarlet & Gray Robot Army
6520,Roborines
6522,Equinox
6522,Equinox
6524,What-Cha-Ma-Call-Its
6525,Robocats
6526,PURPLE DRAGONS
6527,Team Rookies
6529,Eagle ElectroBots
6529,El Dorado Robotics
6530,Robovengers
6532,Robo Bears
6533,RoboStang
6534,M^10
6536,Guardians 
6537,Benny and the Jets
6537,Winnebago Scouts
6543,Boulan Park Middle School FTC Team
6543,Boulan Park Middle School FTC Team
6544,ShockWave 
6544,ShockWave
6545,Assumption High
6546,RoboCats
6549,Whoa!Bots
6550,Bishop Watterson High School
6551,North Fayette FTC
6552,Northeast Robotics
6553,East Sac Country
6553,East Sac County
6555,Albia Community High School
6556,Tempest
6557,Nemonoid
6558,Oceana Bionic Sharks
6559,Geared Reaction
6560,MHS Rookies
6561,Boys In Black
6562,CERBERUS
6564,Super Alpha Dynamite Squad
6564,Super Alpha Dynamite Squad
6565,Stuffed Dragons
6568,Eagles Robotics Xperience 2
6568,Eagles Robotics Xperience 2
6574,Task Main
6575,Changing Expectations Vikbots
6577,Orient-Macksburg School
6580,The Chosen Few
6583,Chiefs
6585,Circuit Boardom
6585,Curcuit Boardom
6586,CHAI Ninjas
6587,Ctrl-Alt-FG
6587,Ctrl-Alt-FG
6588,Sms Vikings
6588,Pink Scrap Metal
6589,Robo Rage
6590,Cascade Middle School
6593,Central Linn Cobras
6594,Wi-Fi Warriors
6595,What time is it?
6596,Robotic Rams
6597,Team Orange
6598,Fort Madison High
6600,Central Lyon High School
6600,Ballen Pretzels
6601,Robot Royals
6603,Lancers
6604,Pallotti Panthers
6605,Comets
6607,Marsupial Madness
6608,8-bit Spudnik
6609,AGWSR
6610,Cyclobots
6611,The Baxter Lobos
6612,Team Corbomite
6613,Robo Yale
6624,Estherville Lincoln Central
6625,Independence
6626,Robo Valley
6634,Robo-Rays
6634,RoboRays
6636,Creston High School East 1
6637,Creston High School East 2
6638,Hinton
6640,Mad Hatters
6644,Pandora's Bot
6646,Robot of the Rings
6650,Woodward-Granger
6652,Cyber Huskies
6652,United
6657,LEGOtronettes
6659,Pekin
6660,STEM Tronix
6661,Stars
6662,West Sioux
6663,Soquel Robotics
6666,Goddesses of Wisdom
6668,PantherBots Omega
6668,Version 4.2
6669,Team Shigabyte
6670,Ranger Replicants
6670,Ranger Replicants
6671,Red Storm CrestwoodRanger Reactroids
6671,Ranger Reactroids
6672,Comets
6675,Chargers
6676,RoboLancers Crimson
6677,Warriors
6678,PIRobota
6679,Nodaway Valley Middle School
6680,Albia Team
6681,Panthers
6682,DOC Bots
6683,Bruin Bots #2
6683,Bruin-Bots #2
6684,Nickname
6688,Version 4.2
6689,Robo Rockets II
6689,Robo Rockets II
6690,Teal Tornadoes Rookies
6691,Megatron
6695,Frostbots
6695,Frost Bots
6696,WarriorDroids
6696,WarriorDroids
6696,WarriorDriods
6697,The Dukes
6699,Nova Squires
6700,X-BOTS
6701,MAD Robotics
6702,RoboBusters
6703,Kiwi Pi
6704,West Lincoln Robotics
6705,Edina Motor Bots
6707,Robotic Ninjas
6708,Robonauts
6709,The Scientist
6710,Summation
6710,Summation
6711,The Penguinators
6712,Newberg Tiger Team 2
6712,Newberg Tiger Team 2
6713,Aeterna
6716,Ultra Lightning Cobra Strike Force
6718,4-HTWX
6719,Piotech
6719,PioTech
6721,Steal Gears
6722,The Knights Who Say C
6723,Rivermont Collegiate
6725,Ice Robotics
6730,Pioneer & Los Gatos
6732,MoHawk Warriors
6733,Tualitin Robotics
6733,Tualatin Robotics
6734,Hornets
6735,Racers Robotics
6737,Blue Penguins
6738,Strawberry Crest
6738,Strawberry Crest
6739,Strengthening the Spirit
6740,Robotigers Lambda
6740,Robotigers Lambda
6741,Bulldog Robotics
6742,Electronical Engineers
6742,Electronical Engineers
6743,Blue Cheese Jr.
6745,Patriots
6746,D-Wingers
6747,Transformers
6749,Iron Penguins
6752,AHS #2
6759,Hempfield
6762,N R G (Northwestern Robotics Gearheads)
6763,AXIS ROBOTICS
6767,Dwight Bobcat BOTZ
6769,Viking Robotics
6771,Robo YETI 2
6775,Missing number
6780,Y Not Robots^2
6782,Team Nintendo Power 2
6794,Fearless Falcons
6802,Angry Bot
6804,Liberty Hill 4H Robotics
6806,BadgerBOTS Edgewood
6809,LEGO Machina
6815,Kentucky Paducah Tech Center
6816,Falcon Fury
6818,#browns
6819,Sisters High School FTC
6819,Brotherhood of Steel
6820,Team Impact
6821,COYOTES
6822,Horse Power
6823,Danville Engineering Club
6831,Robo Bearcats
6833,The Automatons
6834,NEOPLASMA
6835,Propel
6836,PERK's Dirty Dozen
6839,Robotic Rockets
6840,Rocket Rampage
6842,Lackland Eagles
6843,Eagles
6844,Team Blast
6845,Galactic Purple Squids
6847,Ohm Boyz
6848,Cuttlefish
6873,Nisky iBots
6874,ROBOMASTERS II
6877,City Poly
6878,City Poly 2
6879,Thurber 1
6881,BioHazard
6883,101010
6885,Edison Robotics
6897,Robot Dynasty
6898,Daviess County High School
6899,Blue Griffin
6901,Royal Bots
6903,Girl Scouts of Greater South Texas
